dataset,features,ratio,args,mean_acc,std_acc
citeseer,wvrn,0.1,nan,0.575310298557531,0.014639362942236963
citeseer,wvrn,0.2,nan,0.6192075471698113,0.010476484825856228
citeseer,wvrn,0.30000000000000004,nan,0.6497842968075926,0.007326291532477588
citeseer,wvrn,0.4,nan,0.6727226975339708,0.008398081334562496
citeseer,wvrn,0.5,nan,0.6818236714975845,0.0078757482316247
citeseer,wvrn,0.6,nan,0.7051320754716981,0.011318238714123742
citeseer,wvrn,0.7000000000000001,nan,0.7092555331991952,0.006588491852578299
citeseer,wvrn,0.8,nan,0.7188821752265862,0.01643142274907436
citeseer,wvrn,0.9,nan,0.7293051359516617,0.0214669286517208
cora,wvrn,0.1,nan,0.7853098071399259,0.00791861643534113
cora,wvrn,0.2,nan,0.8145891043397968,0.00818447275397468
cora,wvrn,0.30000000000000004,nan,0.8262130801687764,0.008577772134646923
cora,wvrn,0.4,nan,0.8379076923076922,0.006896701895936941
cora,wvrn,0.5,nan,0.8403249630723781,0.0062648907355657545
cora,wvrn,0.6,nan,0.8485687903970452,0.010300523564593113
cora,wvrn,0.7000000000000001,nan,0.8588669950738916,0.008356657241378957
cora,wvrn,0.8,nan,0.850369003690037,0.015666368793619
cora,wvrn,0.9,nan,0.8660516605166052,0.036696855765171434
imdb_all,wvrn,0.1,nan,0.6190476190476191,0.02892836719400667
imdb_all,wvrn,0.2,nan,0.6493647912885662,0.00921647218323686
imdb_all,wvrn,0.30000000000000004,nan,0.6820539419087137,0.011132337504844577
imdb_all,wvrn,0.4,nan,0.6939467312348667,0.01368270852479799
imdb_all,wvrn,0.5,nan,0.7122093023255814,0.01440510537530861
imdb_all,wvrn,0.6,nan,0.7237749546279492,0.018245357286044084
imdb_all,wvrn,0.7000000000000001,nan,0.7401937046004842,0.02781987610640464
imdb_all,wvrn,0.8,nan,0.7447272727272727,0.019149980759400245
imdb_all,wvrn,0.9,nan,0.7326086956521739,0.0227745885339578
citeseer,nlb,0.1,nan,0.24823884602482396,0.07837488044572244
citeseer,nlb,0.2,nan,0.34456603773584904,0.07557465723446558
citeseer,nlb,0.30000000000000004,nan,0.4274805867126834,0.07324412863876098
citeseer,nlb,0.4,nan,0.6263714141922497,0.03061022166722385
citeseer,nlb,0.5,nan,0.6699879227053139,0.011692924057747236
citeseer,nlb,0.6,nan,0.6889056603773585,0.011311246880894864
citeseer,nlb,0.7000000000000001,nan,0.7125754527162977,0.006774475215936689
citeseer,nlb,0.8,nan,0.7102719033232627,0.01610964219009525
citeseer,nlb,0.9,nan,0.7492447129909364,0.018126888217522653
cora,nlb,0.1,nan,0.2530160032827246,0.11454525864286802
cora,nlb,0.2,nan,0.3582179132040627,0.10220022409352343
cora,nlb,0.30000000000000004,nan,0.4765295358649789,0.15612690395270692
cora,nlb,0.4,nan,0.6579692307692308,0.12856279953928368
cora,nlb,0.5,nan,0.8119645494830132,0.029346967582898505
cora,nlb,0.6,nan,0.8496768236380425,0.012673950091799415
cora,nlb,0.7000000000000001,nan,0.8479064039408867,0.024384720213254885
cora,nlb,0.8,nan,0.8566420664206642,0.012784142175737869
cora,nlb,0.9,nan,0.8881918819188191,0.023211084960325003
imdb_all,nlb,0.1,nan,0.5003228410008072,0.06560071454444512
imdb_all,nlb,0.2,nan,0.502994555353902,0.06362600408739788
imdb_all,nlb,0.30000000000000004,nan,0.5029045643153527,0.062334338605792815
imdb_all,nlb,0.4,nan,0.5228813559322034,0.05754943636356225
imdb_all,nlb,0.5,nan,0.5963662790697674,0.03601634824082711
imdb_all,nlb,0.6,nan,0.7814882032667876,0.009984600622275984
imdb_all,nlb,0.7000000000000001,nan,0.7878934624697337,0.01666622695611339
imdb_all,nlb,0.8,nan,0.7934545454545455,0.019828465499809503
imdb_all,nlb,0.9,nan,0.8028985507246377,0.017350999996200947
citeseer,alchemy_bow_link,0.1,-1.0,0.65623951694025,0.013065284934512245
citeseer,alchemy_bow_link,0.2,-1.0,0.6743396226417501,0.009917184072626033
citeseer,alchemy_bow_link,0.3,-1.0,0.6776627856835,0.020873025115016954
citeseer,alchemy_bow_link,0.4,-1.0,0.689637826962,0.0063759736225202975
citeseer,alchemy_bow_link,0.5,-1.0,0.69640700483075,0.013604837044861755
citeseer,alchemy_bow_link,0.6,-1.0,0.697924528302,0.011649320030512165
citeseer,alchemy_bow_link,0.7,-1.0,0.7032193158955,0.014060533396129669
citeseer,alchemy_bow_link,0.8,-1.0,0.6975867269984999,0.011971725389347317
citeseer,alchemy_bow_link,0.9,-1.0,0.6890060240962499,0.016747818592266553
citeseer,bow,0.1,-1.0,0.6634350888963435,0.0056798260943011466
citeseer,bow,0.2,-1.0,0.6908679245283019,0.003984861190274725
citeseer,bow,0.30000000000000004,-1.0,0.7013367830961622,0.007767820236266145
citeseer,bow,0.4,-1.0,0.7079476861167002,0.010254662922188972
citeseer,bow,0.5,-1.0,0.7169685990338163,0.009394146320446366
citeseer,bow,0.6,-1.0,0.7215849056603774,0.008014464199597709
citeseer,bow,0.7000000000000001,-1.0,0.7243460764587526,0.007921537096591132
citeseer,bow,0.8,-1.0,0.7262443438914028,0.01522058874129535
citeseer,bow,0.9,-1.0,0.7382530120481927,0.020549243659493177
citeseer,bow_counts,0.1,-1.0,0.6812143575981213,0.011536424874119617
citeseer,bow_counts,0.2,-1.0,0.710943396226415,0.011992640439300681
citeseer,bow_counts,0.30000000000000004,-1.0,0.7313497197067702,0.008595610974690759
citeseer,bow_counts,0.4,-1.0,0.739185110663984,0.011785494703746301
citeseer,bow_counts,0.5,-1.0,0.7493357487922705,0.009891632859218031
citeseer,bow_counts,0.6,-1.0,0.7584905660377359,0.008275161863341207
citeseer,bow_counts,0.7000000000000001,-1.0,0.7611670020120724,0.010981730043598693
citeseer,bow_counts,0.8,-1.0,0.7653092006033182,0.010406146793764795
citeseer,bow_counts,0.9,-1.0,0.7746987951807228,0.018061129977323776
citeseer,cluster,0.1,0.0,0.5397328881469114,0.017139857915201694
citeseer,cluster,0.1,2.0,0.2954590984974958,0.03841311684969136
citeseer,cluster,0.1,4.0,0.4164941569282137,0.006451748159141073
citeseer,cluster,0.1,8.0,0.4531552587646077,0.010214821608303212
citeseer,cluster,0.1,16.0,0.47021702838063445,0.014933707020347119
citeseer,cluster,0.1,32.0,0.48631051752921534,0.023948821043711144
citeseer,cluster,0.1,64.0,0.46480801335559263,0.013584980556330156
citeseer,cluster,0.1,128.0,0.447746243739566,0.02127832760481983
citeseer,cluster,0.1,256.0,0.41472454090150246,0.01724878367629102
citeseer,cluster,0.1,512.0,0.35492487479131885,0.01107499093837183
citeseer,cluster,0.1,1024.0,0.3018030050083473,0.020209729062976838
citeseer,cluster,0.2,0.0,0.5963185574755824,0.006820018463047998
citeseer,cluster,0.2,2.0,0.3225394440270474,0.004183893373907016
citeseer,cluster,0.2,4.0,0.418144252441773,0.005938212931000544
citeseer,cluster,0.2,8.0,0.4593163035311796,0.012454174404462615
citeseer,cluster,0.2,16.0,0.4782118707738543,0.014863674656371107
citeseer,cluster,0.2,32.0,0.5060856498873029,0.006740465817486822
citeseer,cluster,0.2,64.0,0.5021412471825696,0.010537842942926074
citeseer,cluster,0.2,128.0,0.5039819684447784,0.011505451252782517
citeseer,cluster,0.2,256.0,0.5043576258452291,0.009512039689523803
citeseer,cluster,0.2,512.0,0.4545454545454545,0.015324898517288682
citeseer,cluster,0.2,1024.0,0.39429000751314797,0.009526863913173861
citeseer,cluster,0.30000000000000004,0.0,0.622713610991842,0.009253426772097603
citeseer,cluster,0.30000000000000004,2.0,0.3231429798196651,0.005853010944311855
citeseer,cluster,0.30000000000000004,4.0,0.41773293258909405,0.004992714154354349
citeseer,cluster,0.30000000000000004,8.0,0.4665092314297983,0.008010410945442008
citeseer,cluster,0.30000000000000004,16.0,0.4829969944182052,0.008478026163271092
citeseer,cluster,0.30000000000000004,32.0,0.5158437097466725,0.00856635947252378
citeseer,cluster,0.30000000000000004,64.0,0.5065693430656933,0.005183343145177522
citeseer,cluster,0.30000000000000004,128.0,0.5201803349076857,0.010591581265386417
citeseer,cluster,0.30000000000000004,256.0,0.5391155002146844,0.00847017003822792
citeseer,cluster,0.30000000000000004,512.0,0.5223271790468011,0.007969390808617634
citeseer,cluster,0.30000000000000004,1024.0,0.4677544010304852,0.009328717826967843
citeseer,cluster,0.4,0.0,0.642663995993991,0.014913082613337994
citeseer,cluster,0.4,2.0,0.3257886830245368,0.006935398083083886
citeseer,cluster,0.4,4.0,0.41757636454682023,0.005927082915945568
citeseer,cluster,0.4,8.0,0.46604907361041564,0.01068282110586112
citeseer,cluster,0.4,16.0,0.4877315973960942,0.010897011346317527
citeseer,cluster,0.4,32.0,0.514421632448673,0.008602464544469966
citeseer,cluster,0.4,64.0,0.5085127691537304,0.008508677066232226
citeseer,cluster,0.4,128.0,0.528442663995994,0.009744439084779186
citeseer,cluster,0.4,256.0,0.5501752628943415,0.008221575121098518
citeseer,cluster,0.4,512.0,0.5529794692038057,0.008929827760385187
citeseer,cluster,0.4,1024.0,0.527741612418628,0.00677794186307523
citeseer,cluster,0.5,0.0,0.6677283653846153,0.012398690840900312
citeseer,cluster,0.5,2.0,0.3278245192307693,0.005971097179803463
citeseer,cluster,0.5,4.0,0.4192908653846154,0.007094005277911051
citeseer,cluster,0.5,8.0,0.46616586538461535,0.012720115962873148
citeseer,cluster,0.5,16.0,0.48725961538461543,0.008948745786906713
citeseer,cluster,0.5,32.0,0.514423076923077,0.010584811549372464
citeseer,cluster,0.5,64.0,0.5113581730769231,0.010204359169356966
citeseer,cluster,0.5,128.0,0.5284254807692308,0.008981197671950516
citeseer,cluster,0.5,256.0,0.5667668269230769,0.011502131027452607
citeseer,cluster,0.5,512.0,0.5765024038461538,0.008274231446746298
citeseer,cluster,0.5,1024.0,0.5739783653846154,0.01326191390806654
citeseer,cluster,0.6,0.0,0.6783621337340346,0.011435187880537375
citeseer,cluster,0.6,2.0,0.3293764087152517,0.008501632241934594
citeseer,cluster,0.6,4.0,0.42058602554470326,0.005322034143404838
citeseer,cluster,0.6,8.0,0.46521412471825707,0.010541041559764423
citeseer,cluster,0.6,16.0,0.4866265965439519,0.009510391127201742
citeseer,cluster,0.6,32.0,0.515251690458302,0.010955350354722783
citeseer,cluster,0.6,64.0,0.5148009015777611,0.013364114316668606
citeseer,cluster,0.6,128.0,0.5340345604808414,0.00921395024298139
citeseer,cluster,0.6,256.0,0.5688955672426748,0.01371615430630708
citeseer,cluster,0.6,512.0,0.5889556724267468,0.01226610737314904
citeseer,cluster,0.6,1024.0,0.6110443275732532,0.016230447907897832
citeseer,cluster,0.7000000000000001,0.0,0.7009009009009008,0.017998234297513422
citeseer,cluster,0.7000000000000001,2.0,0.32822822822822817,0.008668280794580157
citeseer,cluster,0.7000000000000001,4.0,0.41941941941941946,0.009461092344849683
citeseer,cluster,0.7000000000000001,8.0,0.46656656656656653,0.018045493701614075
citeseer,cluster,0.7000000000000001,16.0,0.491991991991992,0.01788934392627318
citeseer,cluster,0.7000000000000001,32.0,0.5159159159159159,0.015299277817450612
citeseer,cluster,0.7000000000000001,64.0,0.5223223223223223,0.011795022273095328
citeseer,cluster,0.7000000000000001,128.0,0.5341341341341341,0.016910038161091535
citeseer,cluster,0.7000000000000001,256.0,0.5755755755755756,0.014164154338869039
citeseer,cluster,0.7000000000000001,512.0,0.6005005005005006,0.01682588428874485
citeseer,cluster,0.7000000000000001,1024.0,0.635935935935936,0.014172405188816007
citeseer,cluster,0.8,0.0,0.718018018018018,0.016836467855017297
citeseer,cluster,0.8,2.0,0.3343843843843844,0.009550252532763258
citeseer,cluster,0.8,4.0,0.4222222222222222,0.013028403926744448
citeseer,cluster,0.8,8.0,0.4681681681681681,0.01873771204292143
citeseer,cluster,0.8,16.0,0.49804804804804803,0.020636771229463304
citeseer,cluster,0.8,32.0,0.527027027027027,0.018686841544139913
citeseer,cluster,0.8,64.0,0.5315315315315314,0.019137191485794326
citeseer,cluster,0.8,128.0,0.5481981981981981,0.016696774712183976
citeseer,cluster,0.8,256.0,0.5846846846846848,0.017598838840611076
citeseer,cluster,0.8,512.0,0.6144144144144144,0.015309098687932697
citeseer,cluster,0.8,1024.0,0.6555555555555557,0.01544593523401471
citeseer,cluster,0.9,0.0,0.733033033033033,0.02116117063136489
citeseer,cluster,0.9,2.0,0.3348348348348348,0.023271927802928513
citeseer,cluster,0.9,4.0,0.42312312312312306,0.019433345883032565
citeseer,cluster,0.9,8.0,0.47207207207207214,0.021552925385122507
citeseer,cluster,0.9,16.0,0.4897897897897899,0.022313567457714456
citeseer,cluster,0.9,32.0,0.527027027027027,0.02257251708464425
citeseer,cluster,0.9,64.0,0.5360360360360359,0.025094997270715687
citeseer,cluster,0.9,128.0,0.551051051051051,0.029363643931677858
citeseer,cluster,0.9,256.0,0.5867867867867869,0.027384284693912662
citeseer,cluster,0.9,512.0,0.6225225225225225,0.02247464603322867
citeseer,cluster,0.9,1024.0,0.6702702702702703,0.014968228742756235
citeseer,counts,0.1,0.0,0.31545909849749576,0.0168846891307624
citeseer,counts,0.1,1.0,0.46227045075125195,0.01728235965862307
citeseer,counts,0.1,2.0,0.5000667779632721,0.01759827753500925
citeseer,counts,0.2,0.0,0.40694966190833953,0.011076126072845917
citeseer,counts,0.2,1.0,0.5493238166791885,0.008285401004801988
citeseer,counts,0.2,2.0,0.5733658903080391,0.010835688507622263
citeseer,counts,0.30000000000000004,0.0,0.47870330613997425,0.023306155091617143
citeseer,counts,0.30000000000000004,1.0,0.6083726921425503,0.011210190704945985
citeseer,counts,0.30000000000000004,2.0,0.6228853585229712,0.009652154373637539
citeseer,counts,0.4,0.0,0.5405107661492239,0.010429844474584136
citeseer,counts,0.4,1.0,0.6400100150225339,0.008222930530596964
citeseer,counts,0.4,2.0,0.6486730095142715,0.010567839460298456
citeseer,counts,0.5,0.0,0.5859975961538462,0.01437974817424432
citeseer,counts,0.5,1.0,0.672235576923077,0.013704617181530366
citeseer,counts,0.5,2.0,0.6775841346153845,0.016623585415163726
citeseer,counts,0.6,0.0,0.6254695717505634,0.013644864159439196
citeseer,counts,0.6,1.0,0.6865514650638618,0.016271936110690867
citeseer,counts,0.6,2.0,0.6932381667918858,0.012979614030895838
citeseer,counts,0.7000000000000001,0.0,0.6568568568568568,0.01714282204620819
citeseer,counts,0.7000000000000001,1.0,0.7079079079079079,0.01833529768534553
citeseer,counts,0.7000000000000001,2.0,0.7080080080080081,0.016610116208786788
citeseer,counts,0.8,0.0,0.6803303303303303,0.026573230270281245
citeseer,counts,0.8,1.0,0.7187687687687687,0.024965394420402374
citeseer,counts,0.8,2.0,0.7127627627627626,0.02733163532540816
citeseer,counts,0.9,0.0,0.6903903903903904,0.02683914975514398
citeseer,counts,0.9,1.0,0.7165165165165165,0.031660761285960855
citeseer,counts,0.9,2.0,0.7153153153153152,0.038711699688724635
citeseer,id_counts,0.1,-1.0,0.5103505843071787,0.018744311147037528
citeseer,id_counts,0.2,-1.0,0.5873403456048084,0.01121008513251425
citeseer,id_counts,0.30000000000000004,-1.0,0.6206526406182911,0.00832638553296042
citeseer,id_counts,0.4,-1.0,0.6496244366549824,0.008686264086834804
citeseer,id_counts,0.5,-1.0,0.6707932692307692,0.012697223698310278
citeseer,id_counts,0.6,-1.0,0.6909090909090909,0.013067023069875242
citeseer,id_counts,0.7000000000000001,-1.0,0.7146146146146146,0.011329456510043445
citeseer,id_counts,0.8,-1.0,0.7184684684684685,0.008412280437418627
citeseer,id_counts,0.9,-1.0,0.726126126126126,0.015364631715196685
citeseer,id_proba,0.1,-1.0,0.5241068447412354,0.01316789832210717
citeseer,id_proba,0.2,-1.0,0.5972952667167543,0.013923556848403712
citeseer,id_proba,0.30000000000000004,-1.0,0.6313439244310862,0.01071837005371248
citeseer,id_proba,0.4,-1.0,0.6605908863294943,0.010845241343681455
citeseer,id_proba,0.5,-1.0,0.6842548076923078,0.017766972756309573
citeseer,id_proba,0.6,-1.0,0.6997746055597295,0.01380912153025331
citeseer,id_proba,0.7000000000000001,-1.0,0.7210210210210211,0.012030997490307557
citeseer,id_proba,0.8,-1.0,0.7339339339339339,0.019265043801751654
citeseer,id_proba,0.9,-1.0,0.7447447447447447,0.016629877603442794
citeseer,id_rwr,0.1,-1.0,0.5448414023372287,0.023361048785997963
citeseer,id_rwr,0.2,-1.0,0.6099173553719008,0.010712202296788707
citeseer,id_rwr,0.30000000000000004,-1.0,0.6407041648776299,0.014520878805577358
citeseer,id_rwr,0.4,-1.0,0.6679519278918378,0.012032970734794255
citeseer,id_rwr,0.5,-1.0,0.6871995192307692,0.014219229203301605
citeseer,id_rwr,0.6,-1.0,0.7003005259203606,0.010727706673512772
citeseer,id_rwr,0.7000000000000001,-1.0,0.7142142142142142,0.012873234383627174
citeseer,id_rwr,0.8,-1.0,0.7250750750750752,0.016741723038423133
citeseer,id_rwr,0.9,-1.0,0.7387387387387387,0.014297154011097392
citeseer,ids,0.1,0.0,0.4132220367278799,0.014738461119039956
citeseer,ids,0.1,1.0,0.477228714524207,0.013020323448097948
citeseer,ids,0.1,2.0,0.4955926544240401,0.013374175534203964
citeseer,ids,0.2,0.0,0.47997746055597296,0.008946028582540793
citeseer,ids,0.2,1.0,0.5265214124718257,0.0075448035017201985
citeseer,ids,0.2,2.0,0.536664162283997,0.005916388729265847
citeseer,ids,0.30000000000000004,0.0,0.5236582224130528,0.008503960102453969
citeseer,ids,0.30000000000000004,1.0,0.5628166595105195,0.008047532109711063
citeseer,ids,0.30000000000000004,2.0,0.5610133104336625,0.008281860736851382
citeseer,ids,0.4,0.0,0.5512268402603906,0.009544385950252724
citeseer,ids,0.4,1.0,0.5806209313970956,0.010043497049424175
citeseer,ids,0.4,2.0,0.5810716074111166,0.007268849111007569
citeseer,ids,0.5,0.0,0.5743389423076922,0.014853600554305443
citeseer,ids,0.5,1.0,0.5950721153846154,0.0160901146971737
citeseer,ids,0.5,2.0,0.5956129807692307,0.01379581644316255
citeseer,ids,0.6,0.0,0.5851990984222389,0.014084564417068996
citeseer,ids,0.6,1.0,0.6041322314049586,0.014097917249437136
citeseer,ids,0.6,2.0,0.602404207362885,0.017371825087535563
citeseer,ids,0.7000000000000001,0.0,0.5977977977977978,0.015549025419606129
citeseer,ids,0.7000000000000001,1.0,0.6102102102102103,0.01845875279721089
citeseer,ids,0.7000000000000001,2.0,0.6098098098098099,0.018280567146624967
citeseer,ids,0.8,0.0,0.6031531531531532,0.013780588497376251
citeseer,ids,0.8,1.0,0.6201201201201202,0.018966261583078264
citeseer,ids,0.8,2.0,0.6117117117117117,0.0132646796984854
citeseer,ids,0.9,0.0,0.6075075075075075,0.02652369335352755
citeseer,ids,0.9,1.0,0.6201201201201202,0.02378299173276293
citeseer,ids,0.9,2.0,0.6102102102102102,0.02376402518634758
citeseer,ids_labeled,0.1,0.0,0.2281803005008347,0.023653710218422337
citeseer,ids_labeled,0.1,1.0,0.3631385642737896,0.014367352900707207
citeseer,ids_labeled,0.1,2.0,0.4320200333889816,0.012982595175457502
citeseer,ids_labeled,0.1,3.0,0.460567612687813,0.012827820982167577
citeseer,ids_labeled,0.2,0.0,0.30661157024793384,0.014526283038659
citeseer,ids_labeled,0.2,1.0,0.44049586776859495,0.009767413481149621
citeseer,ids_labeled,0.2,2.0,0.4888054094665664,0.01289671971691653
citeseer,ids_labeled,0.2,3.0,0.5014274981217131,0.009491577278649617
citeseer,ids_labeled,0.30000000000000004,0.0,0.3684843280377844,0.016315764362464832
citeseer,ids_labeled,0.30000000000000004,1.0,0.4900386431945041,0.013348161572302225
citeseer,ids_labeled,0.30000000000000004,2.0,0.5234435379991413,0.00894363805162004
citeseer,ids_labeled,0.30000000000000004,3.0,0.530055817947617,0.010655212309639388
citeseer,ids_labeled,0.4,0.0,0.4255883825738608,0.010766990245850469
citeseer,ids_labeled,0.4,1.0,0.5297946920380571,0.005351767498537548
citeseer,ids_labeled,0.4,2.0,0.5516274411617427,0.010054448629523139
citeseer,ids_labeled,0.4,3.0,0.5497746619929894,0.013551052929285035
citeseer,ids_labeled,0.5,0.0,0.468389423076923,0.014470852142126997
citeseer,ids_labeled,0.5,1.0,0.553545673076923,0.01443267242243043
citeseer,ids_labeled,0.5,2.0,0.5698317307692308,0.014455869949417884
citeseer,ids_labeled,0.5,3.0,0.5650240384615385,0.014549945048988702
citeseer,ids_labeled,0.6,0.0,0.5047332832456799,0.014700534281270062
citeseer,ids_labeled,0.6,1.0,0.5735537190082645,0.015047985014855924
citeseer,ids_labeled,0.6,2.0,0.582419233658903,0.018926904128182948
citeseer,ids_labeled,0.6,3.0,0.5797896318557475,0.018383090002993548
citeseer,ids_labeled,0.7000000000000001,0.0,0.5415415415415415,0.019813190309381425
citeseer,ids_labeled,0.7000000000000001,1.0,0.5931931931931932,0.02147530168922764
citeseer,ids_labeled,0.7000000000000001,2.0,0.5986986986986987,0.020116827448287283
citeseer,ids_labeled,0.7000000000000001,3.0,0.5946946946946947,0.019966840725569118
citeseer,ids_labeled,0.8,0.0,0.5666666666666667,0.01979604442473986
citeseer,ids_labeled,0.8,1.0,0.6031531531531531,0.01898012460483028
citeseer,ids_labeled,0.8,2.0,0.6025525525525526,0.020709474541601554
citeseer,ids_labeled,0.8,3.0,0.5972972972972974,0.01931698523816237
citeseer,ids_labeled,0.9,0.0,0.5918918918918918,0.023833495399762285
citeseer,ids_labeled,0.9,1.0,0.615015015015015,0.030355262517116115
citeseer,ids_labeled,0.9,2.0,0.609009009009009,0.023679545625733177
citeseer,ids_labeled,0.9,3.0,0.6039039039039038,0.02650101706552279
citeseer,proba,0.1,0.0,0.3200667779632721,0.01451744662150735
citeseer,proba,0.1,1.0,0.4627045075125209,0.012851553537305892
citeseer,proba,0.1,2.0,0.5169282136894825,0.016662406565148436
citeseer,proba,0.2,0.0,0.40676183320811427,0.011342946021951574
citeseer,proba,0.2,1.0,0.5466190833959429,0.009180279175500317
citeseer,proba,0.2,2.0,0.587114951164538,0.0072463913324607755
citeseer,proba,0.30000000000000004,0.0,0.48012022327179055,0.021385077398709925
citeseer,proba,0.30000000000000004,1.0,0.6129669386002576,0.010370637461086912
citeseer,proba,0.30000000000000004,2.0,0.633104336625161,0.010796536829711146
citeseer,proba,0.4,0.0,0.5431647471206811,0.011462838747518621
citeseer,proba,0.4,1.0,0.6433149724586882,0.008838883893843961
citeseer,proba,0.4,2.0,0.6602403605408111,0.010776818863959405
citeseer,proba,0.5,0.0,0.5920673076923076,0.012373906879316124
citeseer,proba,0.5,1.0,0.6765625,0.012919663670564567
citeseer,proba,0.5,2.0,0.6866586538461539,0.013252076309166548
citeseer,proba,0.6,0.0,0.6274229902329076,0.014626323788218036
citeseer,proba,0.6,1.0,0.6941397445529678,0.01227121952947522
citeseer,proba,0.6,2.0,0.7009015777610819,0.014133463127657805
citeseer,proba,0.7000000000000001,0.0,0.6605605605605607,0.020078049587658027
citeseer,proba,0.7000000000000001,1.0,0.7080080080080081,0.017318892359657233
citeseer,proba,0.7000000000000001,2.0,0.7117117117117115,0.015261390224936652
citeseer,proba,0.8,0.0,0.684984984984985,0.02543015412428466
citeseer,proba,0.8,1.0,0.715015015015015,0.021243873305121827
citeseer,proba,0.8,2.0,0.7181681681681682,0.021211421425102916
citeseer,proba,0.9,0.0,0.6936936936936936,0.02925253092332954
citeseer,proba,0.9,1.0,0.7156156156156156,0.031177605972641978
citeseer,proba,0.9,2.0,0.7156156156156157,0.03289777263928077
citeseer,rwr,0.1,0.1,0.2838397328881469,0.03012643076544304
citeseer,rwr,0.1,0.30000000000000004,0.383372287145242,0.03382494089685125
citeseer,rwr,0.1,0.5000000000000001,0.4684474123539233,0.030761785797384866
citeseer,rwr,0.1,0.7000000000000001,0.5295158597662771,0.01996057378472571
citeseer,rwr,0.1,0.9000000000000001,0.5690484140233723,0.010259893133029574
citeseer,rwr,0.2,0.1,0.38170548459804654,0.03528401004112054
citeseer,rwr,0.2,0.30000000000000004,0.5097670924117206,0.03487617009187637
citeseer,rwr,0.2,0.5000000000000001,0.5703606311044327,0.02032260629953521
citeseer,rwr,0.2,0.7000000000000001,0.5972577009767093,0.01489260376944969
citeseer,rwr,0.2,0.9000000000000001,0.6171675432006012,0.010235007842487561
citeseer,rwr,0.30000000000000004,0.1,0.4711034778875054,0.03385685062878313
citeseer,rwr,0.30000000000000004,0.30000000000000004,0.5830399313009875,0.02310223312839418
citeseer,rwr,0.30000000000000004,0.5000000000000001,0.6234864748819235,0.017483801660012985
citeseer,rwr,0.30000000000000004,0.7000000000000001,0.6393731215113783,0.009263161867392672
citeseer,rwr,0.30000000000000004,0.9000000000000001,0.6497638471446974,0.00973456983307251
citeseer,rwr,0.4,0.1,0.529043565348022,0.027897875484476333
citeseer,rwr,0.4,0.30000000000000004,0.6238357536304456,0.017662946570000736
citeseer,rwr,0.4,0.5000000000000001,0.6523284927391086,0.00954511570473228
citeseer,rwr,0.4,0.7000000000000001,0.6649474211316975,0.010652524801356365
citeseer,rwr,0.4,0.9000000000000001,0.6690535803705557,0.012469607993661948
citeseer,rwr,0.5,0.1,0.5853365384615384,0.02048760845439751
citeseer,rwr,0.5,0.30000000000000004,0.6617788461538463,0.013395437335588739
citeseer,rwr,0.5,0.5000000000000001,0.6771634615384616,0.011707358724974968
citeseer,rwr,0.5,0.7000000000000001,0.6861778846153846,0.01404188212044071
citeseer,rwr,0.5,0.9000000000000001,0.6927283653846154,0.013004026381815208
citeseer,rwr,0.6,0.1,0.6181066867017281,0.01329942743188584
citeseer,rwr,0.6,0.30000000000000004,0.6834710743801654,0.015803626998838555
citeseer,rwr,0.6,0.5000000000000001,0.693764087152517,0.015189034437558202
citeseer,rwr,0.6,0.7000000000000001,0.7020285499624344,0.015792312248777116
citeseer,rwr,0.6,0.9000000000000001,0.7078136739293764,0.014902444761876412
citeseer,rwr,0.7000000000000001,0.1,0.6475475475475475,0.017398422558092298
citeseer,rwr,0.7000000000000001,0.30000000000000004,0.6972972972972973,0.018757902908897256
citeseer,rwr,0.7000000000000001,0.5000000000000001,0.7083083083083084,0.015933778411951594
citeseer,rwr,0.7000000000000001,0.7000000000000001,0.7139139139139139,0.015498823186304219
citeseer,rwr,0.7000000000000001,0.9000000000000001,0.7220220220220221,0.015107784448602765
citeseer,rwr,0.8,0.1,0.675075075075075,0.020650725859025346
citeseer,rwr,0.8,0.30000000000000004,0.7117117117117117,0.019957359396776904
citeseer,rwr,0.8,0.5000000000000001,0.722972972972973,0.021611539747131474
citeseer,rwr,0.8,0.7000000000000001,0.721171171171171,0.021736362769878077
citeseer,rwr,0.8,0.9000000000000001,0.7316816816816817,0.025697179411649618
citeseer,rwr,0.9,0.1,0.6852852852852853,0.026852213347917903
citeseer,rwr,0.9,0.30000000000000004,0.7063063063063063,0.025902532916333654
citeseer,rwr,0.9,0.5000000000000001,0.721021021021021,0.02702517325789761
citeseer,rwr,0.9,0.7000000000000001,0.7234234234234234,0.026349343093808583
citeseer,rwr,0.9,0.9000000000000001,0.7285285285285286,0.028106568064379334
cora,alchemy_bow,0.1,-1.0,0.6439704675963904,0.01073262341088407
cora,alchemy_bow,0.2,-1.0,0.6919704660821412,0.010298642511166266
cora,alchemy_bow,0.30000000000000004,-1.0,0.7154535864978903,0.007542378505313963
cora,alchemy_bow,0.4,-1.0,0.7324923076923077,0.009035193080608548
cora,alchemy_bow,0.5,-1.0,0.742245199409158,0.0057630230973508
cora,alchemy_bow,0.6,-1.0,0.7487084870848709,0.008009259825878854
cora,alchemy_bow,0.7000000000000001,-1.0,0.7551045510455106,0.008783087887796692
cora,alchemy_bow,0.8,-1.0,0.766420664206642,0.01659833124336477
cora,alchemy_bow,0.9,-1.0,0.7627306273062731,0.018979691634425068
cora,alchemy_bow_link,0.1,-1.0,0.6453650533223954,0.012402314548282766
cora,alchemy_bow_link,0.2,-1.0,0.6947392708814027,0.013263120545759073
cora,alchemy_bow_link,0.30000000000000004,-1.0,0.7165611814345991,0.00977660895420161
cora,alchemy_bow_link,0.4,-1.0,0.7333538461538462,0.0131699656317005
cora,alchemy_bow_link,0.5,-1.0,0.7412850812407682,0.00966754827742107
cora,alchemy_bow_link,0.6,-1.0,0.7411439114391143,0.01246203398448516
cora,alchemy_bow_link,0.7000000000000001,-1.0,0.7378843788437883,0.013702359106164106
cora,alchemy_bow_link,0.8,-1.0,0.746309963099631,0.015877405465464973
cora,alchemy_bow_link,0.9,-1.0,0.7243542435424355,0.017658282087088147
cora,bow,0.1,-1.0,0.6455701394585727,0.012568878422003665
cora,bow,0.2,-1.0,0.6972773419473928,0.011064531923296388
cora,bow,0.30000000000000004,-1.0,0.7224156118143461,0.007115585106596334
cora,bow,0.4,-1.0,0.7396923076923079,0.009458167699182016
cora,bow,0.5,-1.0,0.7513293943870016,0.004149499320358982
cora,bow,0.6,-1.0,0.7587638376383764,0.009339694064258152
cora,bow,0.7000000000000001,-1.0,0.7669126691266912,0.01445228104306694
cora,bow,0.8,-1.0,0.7771217712177123,0.015059490221856434
cora,bow,0.9,-1.0,0.7678966789667896,0.02375229869670688
cora,bow_counts,0.1,-1.0,0.7498769483182938,0.015023234136442788
cora,bow_counts,0.2,-1.0,0.8000922934933087,0.009781465509502967
cora,bow_counts,0.30000000000000004,-1.0,0.8217299578059073,0.00696610856402888
cora,bow_counts,0.4,-1.0,0.8385846153846153,0.007064574883011078
cora,bow_counts,0.5,-1.0,0.851181683899557,0.008761181511201924
cora,bow_counts,0.6,-1.0,0.8611623616236163,0.009852102917335617
cora,bow_counts,0.7000000000000001,-1.0,0.8644526445264453,0.0121875399776738
cora,bow_counts,0.8,-1.0,0.8734317343173432,0.014892802821813506
cora,bow_counts,0.9,-1.0,0.8760147601476016,0.014677917727099251
cora,cluster,0.1,0.0,0.7448728465955702,0.016227024281582094
cora,cluster,0.1,2.0,0.37514356029532403,0.013635717789761392
cora,cluster,0.1,4.0,0.46698113207547165,0.009421569696127126
cora,cluster,0.1,8.0,0.6390073831009023,0.006927069085385804
cora,cluster,0.1,16.0,0.6803937653814602,0.013454373039499224
cora,cluster,0.1,32.0,0.666447908121411,0.02190215809930535
cora,cluster,0.1,64.0,0.6575471698113208,0.03396841177527541
cora,cluster,0.1,128.0,0.5961443806398686,0.02080022377524773
cora,cluster,0.1,256.0,0.4988105004101723,0.030622808564923252
cora,cluster,0.1,512.0,0.45643970467596395,0.009152960533476329
cora,cluster,0.1,1024.0,0.40233798195242,0.007233337596015997
cora,cluster,0.2,0.0,0.7807568066451316,0.008284879820532613
cora,cluster,0.2,2.0,0.38112598061836644,0.005720252798816708
cora,cluster,0.2,4.0,0.47037378864790036,0.009295894030539717
cora,cluster,0.2,8.0,0.6457314259344717,0.003964026727665764
cora,cluster,0.2,16.0,0.689755422242732,0.010905244234883309
cora,cluster,0.2,32.0,0.6887401938163361,0.01207139071138028
cora,cluster,0.2,64.0,0.7035532994923857,0.014855143552119882
cora,cluster,0.2,128.0,0.6449007844946932,0.016111391273432727
cora,cluster,0.2,256.0,0.5906783571758191,0.013207252997182943
cora,cluster,0.2,512.0,0.5551915089986157,0.00615078413104536
cora,cluster,0.2,1024.0,0.48500230733733274,0.010514079366641393
cora,cluster,0.30000000000000004,0.0,0.7965189873417722,0.00815115663957696
cora,cluster,0.30000000000000004,2.0,0.379746835443038,0.006786307688329423
cora,cluster,0.30000000000000004,4.0,0.47204641350210974,0.007775437548343647
cora,cluster,0.30000000000000004,8.0,0.6459388185654009,0.005185910252728163
cora,cluster,0.30000000000000004,16.0,0.6939345991561181,0.012243786803868414
cora,cluster,0.30000000000000004,32.0,0.694620253164557,0.00975065022774944
cora,cluster,0.30000000000000004,64.0,0.7123417721518986,0.0072154434722000215
cora,cluster,0.30000000000000004,128.0,0.6681434599156117,0.013453215944505064
cora,cluster,0.30000000000000004,256.0,0.6363924050632911,0.006931413471399534
cora,cluster,0.30000000000000004,512.0,0.6257383966244726,0.014049745920483588
cora,cluster,0.30000000000000004,1024.0,0.5538502109704642,0.014960175459023332
cora,cluster,0.4,0.0,0.8060307692307692,0.00812162639212868
cora,cluster,0.4,2.0,0.3803076923076923,0.008846711242196825
cora,cluster,0.4,4.0,0.46886153846153855,0.01123327451274691
cora,cluster,0.4,8.0,0.6446769230769231,0.007493218498845642
cora,cluster,0.4,16.0,0.6964923076923077,0.007734176652643586
cora,cluster,0.4,32.0,0.6963076923076923,0.007855365800560284
cora,cluster,0.4,64.0,0.7172923076923077,0.008056082188231792
cora,cluster,0.4,128.0,0.6784,0.007142468666059091
cora,cluster,0.4,256.0,0.6542153846153846,0.008374910089110187
cora,cluster,0.4,512.0,0.6708923076923077,0.018330704491457413
cora,cluster,0.4,1024.0,0.6175384615384616,0.015243800002863182
cora,cluster,0.5,0.0,0.815805022156573,0.008291692539659891
cora,cluster,0.5,2.0,0.38308714918759235,0.009012155663682088
cora,cluster,0.5,4.0,0.4708271787296899,0.007517691523682483
cora,cluster,0.5,8.0,0.6457902511078287,0.008822877093899081
cora,cluster,0.5,16.0,0.6971196454948302,0.010348229845385002
cora,cluster,0.5,32.0,0.6973412112259971,0.007226249063104676
cora,cluster,0.5,64.0,0.7181683899556869,0.009909943950828377
cora,cluster,0.5,128.0,0.6833087149187592,0.006018182802806802
cora,cluster,0.5,256.0,0.6674298375184639,0.01075940197532144
cora,cluster,0.5,512.0,0.7008862629246677,0.012392627226635882
cora,cluster,0.5,1024.0,0.6706794682422453,0.01487103040797132
cora,cluster,0.6,0.0,0.8256457564575646,0.007851872899631745
cora,cluster,0.6,2.0,0.38191881918819187,0.012648809225832114
cora,cluster,0.6,4.0,0.4687269372693727,0.009250170913538908
cora,cluster,0.6,8.0,0.6444649446494466,0.011105928116121135
cora,cluster,0.6,16.0,0.6961254612546126,0.014996569038254262
cora,cluster,0.6,32.0,0.6992619926199262,0.009801585147920875
cora,cluster,0.6,64.0,0.7189114391143911,0.011925808153284976
cora,cluster,0.6,128.0,0.6856088560885609,0.009130304334507741
cora,cluster,0.6,256.0,0.6740774907749079,0.01052765867824763
cora,cluster,0.6,512.0,0.7213099630996309,0.01666456734372091
cora,cluster,0.6,1024.0,0.7079335793357935,0.016167761916979845
cora,cluster,0.7000000000000001,0.0,0.8318573185731857,0.011032843897235963
cora,cluster,0.7000000000000001,2.0,0.3835178351783518,0.013840902838783179
cora,cluster,0.7000000000000001,4.0,0.4707257072570726,0.010755088257515642
cora,cluster,0.7000000000000001,8.0,0.6505535055350553,0.01614656323197241
cora,cluster,0.7000000000000001,16.0,0.699138991389914,0.016534911794102367
cora,cluster,0.7000000000000001,32.0,0.7041820418204182,0.014110933078600223
cora,cluster,0.7000000000000001,64.0,0.7206642066420664,0.009047072840556964
cora,cluster,0.7000000000000001,128.0,0.6881918819188193,0.007521089105284832
cora,cluster,0.7000000000000001,256.0,0.6820418204182042,0.011142007578273641
cora,cluster,0.7000000000000001,512.0,0.729889298892989,0.012772137743290859
cora,cluster,0.7000000000000001,1024.0,0.7412054120541205,0.022262882847232917
cora,cluster,0.8,0.0,0.8429889298892987,0.012405757959160778
cora,cluster,0.8,2.0,0.3891143911439114,0.01880451075293275
cora,cluster,0.8,4.0,0.4714022140221402,0.01527024479450753
cora,cluster,0.8,8.0,0.6503690036900369,0.02120210845749019
cora,cluster,0.8,16.0,0.6992619926199262,0.018775322905875674
cora,cluster,0.8,32.0,0.6996309963099632,0.018073230004627842
cora,cluster,0.8,64.0,0.7260147601476016,0.015245455419726633
cora,cluster,0.8,128.0,0.6900369003690037,0.009992667164375612
cora,cluster,0.8,256.0,0.6819188191881917,0.013224777422598644
cora,cluster,0.8,512.0,0.7418819188191881,0.015000351752169194
cora,cluster,0.8,1024.0,0.7732472324723247,0.022771012775646908
cora,cluster,0.9,0.0,0.8453874538745387,0.015985428385026586
cora,cluster,0.9,2.0,0.374169741697417,0.0290136932465292
cora,cluster,0.9,4.0,0.4811808118081181,0.018010337237609992
cora,cluster,0.9,8.0,0.6439114391143911,0.02827691004323208
cora,cluster,0.9,16.0,0.6966789667896679,0.024526334229991176
cora,cluster,0.9,32.0,0.6966789667896678,0.0261966632461999
cora,cluster,0.9,64.0,0.7269372693726938,0.030478503550706894
cora,cluster,0.9,128.0,0.6833948339483394,0.023259919613428052
cora,cluster,0.9,256.0,0.6719557195571955,0.029026726665833783
cora,cluster,0.9,512.0,0.7428044280442805,0.024106358337005994
cora,cluster,0.9,1024.0,0.7863468634686347,0.02964559304746363
cora,counts,0.1,0.0,0.45533223954060703,0.029424250507877364
cora,counts,0.1,1.0,0.6372846595570139,0.02294851854517074
cora,counts,0.1,2.0,0.6905660377358492,0.012278097406607048
cora,counts,0.2,0.0,0.5768804799261652,0.01822189539360834
cora,counts,0.2,1.0,0.7221504383940932,0.018755560358746107
cora,counts,0.2,2.0,0.745131518227965,0.014283227767614341
cora,counts,0.30000000000000004,0.0,0.6426160337552743,0.01713787876420546
cora,counts,0.30000000000000004,1.0,0.7602320675105485,0.01503591166710013
cora,counts,0.30000000000000004,2.0,0.7765822784810126,0.012692853875587069
cora,counts,0.4,0.0,0.7005538461538461,0.014461756681392204
cora,counts,0.4,1.0,0.7936,0.007790552109434565
cora,counts,0.4,2.0,0.7999999999999999,0.010082630340471636
cora,counts,0.5,0.0,0.7510339734121123,0.011470437694915226
cora,counts,0.5,1.0,0.8058345642540621,0.010123228574832803
cora,counts,0.5,2.0,0.8103397341211226,0.013688369825578141
cora,counts,0.6,0.0,0.7853321033210332,0.00711987496185252
cora,counts,0.6,1.0,0.8225092250922508,0.01364981176899173
cora,counts,0.6,2.0,0.8269372693726937,0.012739685768315714
cora,counts,0.7000000000000001,0.0,0.8163591635916359,0.011684037843202558
cora,counts,0.7000000000000001,1.0,0.837761377613776,0.013417223647977332
cora,counts,0.7000000000000001,2.0,0.8399753997539975,0.014314369982762287
cora,counts,0.8,0.0,0.8415129151291515,0.01850034182706928
cora,counts,0.8,1.0,0.8511070110701107,0.021162825420034073
cora,counts,0.8,2.0,0.8518450184501845,0.020268161940017394
cora,counts,0.9,0.0,0.8505535055350555,0.018915813652182603
cora,counts,0.9,1.0,0.8564575645756458,0.024933171543120497
cora,counts,0.9,2.0,0.8571955719557195,0.01960702880788741
cora,id_counts,0.1,-1.0,0.7018047579983593,0.02024532481148041
cora,id_counts,0.2,-1.0,0.7627595754499307,0.009428327325327715
cora,id_counts,0.30000000000000004,-1.0,0.7972046413502111,0.013424351408056725
cora,id_counts,0.4,-1.0,0.8126153846153846,0.010391925252507197
cora,id_counts,0.5,-1.0,0.8294682422451995,0.012082852300395975
cora,id_counts,0.6,-1.0,0.8396678966789667,0.009015662933788342
cora,id_counts,0.7000000000000001,-1.0,0.8539975399753997,0.010308158669328979
cora,id_counts,0.8,-1.0,0.8629151291512915,0.010182020720885667
cora,id_counts,0.9,-1.0,0.87380073800738,0.019664815637602806
cora,id_proba,0.1,-1.0,0.720098441345365,0.012184870607940879
cora,id_proba,0.2,-1.0,0.7838024919243193,0.007329605276562505
cora,id_proba,0.30000000000000004,-1.0,0.8126582278481012,0.008379273041451021
cora,id_proba,0.4,-1.0,0.8308307692307692,0.009397693003813969
cora,id_proba,0.5,-1.0,0.8361152141802067,0.01419972567943077
cora,id_proba,0.6,-1.0,0.8452952029520295,0.01268650511594495
cora,id_proba,0.7000000000000001,-1.0,0.8585485854858549,0.0143090843514663
cora,id_proba,0.8,-1.0,0.8675276752767529,0.00705516870831656
cora,id_proba,0.9,-1.0,0.877859778597786,0.011199192757768468
cora,id_rwr,0.1,-1.0,0.6776456111566858,0.021574221063539366
cora,id_rwr,0.2,-1.0,0.7724503922473466,0.01044963163857737
cora,id_rwr,0.30000000000000004,-1.0,0.8077531645569621,0.00931703284263519
cora,id_rwr,0.4,-1.0,0.8256,0.0062299566843887835
cora,id_rwr,0.5,-1.0,0.835450516986706,0.0076815765625834805
cora,id_rwr,0.6,-1.0,0.8436346863468633,0.008808232218578448
cora,id_rwr,0.7000000000000001,-1.0,0.854120541205412,0.009460350413988437
cora,id_rwr,0.8,-1.0,0.8625461254612545,0.014191858252427084
cora,id_rwr,0.9,-1.0,0.8756457564575646,0.014349557769337667
cora,ids,0.1,0.0,0.5710008203445447,0.02333175677903942
cora,ids,0.1,1.0,0.6597621000820344,0.021586175077203142
cora,ids,0.1,2.0,0.68084495488105,0.017138516119194733
cora,ids,0.2,0.0,0.6554222427318873,0.014792653771950659
cora,ids,0.2,1.0,0.7193354868481772,0.012488643156462345
cora,ids,0.2,2.0,0.7282418089524689,0.013491644137675828
cora,ids,0.30000000000000004,0.0,0.694831223628692,0.012327187940113466
cora,ids,0.30000000000000004,1.0,0.7505801687763712,0.008447787369461097
cora,ids,0.30000000000000004,2.0,0.7568037974683545,0.009210934115751489
cora,ids,0.4,0.0,0.7231384615384615,0.010192415738818995
cora,ids,0.4,1.0,0.7707692307692308,0.01024101408522863
cora,ids,0.4,2.0,0.7770461538461537,0.009965304703341657
cora,ids,0.5,0.0,0.742466765140325,0.012055735899162347
cora,ids,0.5,1.0,0.7785819793205319,0.008674629461555443
cora,ids,0.5,2.0,0.7810930576070902,0.012031329258403287
cora,ids,0.6,0.0,0.7521217712177123,0.01193373438580485
cora,ids,0.6,1.0,0.7855166051660516,0.010986512967387622
cora,ids,0.6,2.0,0.7854243542435425,0.008412330999141604
cora,ids,0.7000000000000001,0.0,0.7696186961869619,0.01127399450267661
cora,ids,0.7000000000000001,1.0,0.7975399753997541,0.01291610531463369
cora,ids,0.7000000000000001,2.0,0.7929889298892989,0.009598825591695496
cora,ids,0.8,0.0,0.7769372693726938,0.020627016554353794
cora,ids,0.8,1.0,0.8018450184501844,0.01695901064721256
cora,ids,0.8,2.0,0.7955719557195572,0.015650667999919588
cora,ids,0.9,0.0,0.7819188191881918,0.020169951574020815
cora,ids,0.9,1.0,0.8136531365313653,0.015775836824575257
cora,ids,0.9,2.0,0.7992619926199261,0.020000469002885022
cora,ids_labeled,0.1,0.0,0.36484823625922896,0.023571526682844252
cora,ids_labeled,0.1,1.0,0.5386382280557835,0.024905410585932656
cora,ids_labeled,0.1,2.0,0.6337571780147663,0.012047945034918659
cora,ids_labeled,0.1,3.0,0.6544298605414275,0.014296986544955637
cora,ids_labeled,0.2,0.0,0.45592985694508537,0.02085869248753691
cora,ids_labeled,0.2,1.0,0.6382556529764651,0.014700231874581624
cora,ids_labeled,0.2,2.0,0.6960313797877251,0.008428153005126407
cora,ids_labeled,0.2,3.0,0.7000922934933087,0.006952538271169362
cora,ids_labeled,0.30000000000000004,0.0,0.5256856540084389,0.01720421053620132
cora,ids_labeled,0.30000000000000004,1.0,0.6907172995780592,0.014306984834755893
cora,ids_labeled,0.30000000000000004,2.0,0.7270042194092826,0.010976998666937939
cora,ids_labeled,0.30000000000000004,3.0,0.7328059071729958,0.012107082541017899
cora,ids_labeled,0.4,0.0,0.5948307692307692,0.023227904957286313
cora,ids_labeled,0.4,1.0,0.7264615384615385,0.014303923775365707
cora,ids_labeled,0.4,2.0,0.7544615384615384,0.007928676139528591
cora,ids_labeled,0.4,3.0,0.7477538461538461,0.007962832794581253
cora,ids_labeled,0.5,0.0,0.6533234859675037,0.015291979438157877
cora,ids_labeled,0.5,1.0,0.7528064992614476,0.008399534641301035
cora,ids_labeled,0.5,2.0,0.7681683899556868,0.01422531155984079
cora,ids_labeled,0.5,3.0,0.7622599704579025,0.011491553157951855
cora,ids_labeled,0.6,0.0,0.6912361623616236,0.012059845641965394
cora,ids_labeled,0.6,1.0,0.7730627306273063,0.007456553292106685
cora,ids_labeled,0.6,2.0,0.7808118081180812,0.008688798530117624
cora,ids_labeled,0.6,3.0,0.7700184501845019,0.01306833802505002
cora,ids_labeled,0.7000000000000001,0.0,0.7233702337023369,0.015509323027083348
cora,ids_labeled,0.7000000000000001,1.0,0.7854858548585485,0.011394868882435093
cora,ids_labeled,0.7000000000000001,2.0,0.7896678966789668,0.012162687145715268
cora,ids_labeled,0.7000000000000001,3.0,0.7792127921279214,0.00881747157342978
cora,ids_labeled,0.8,0.0,0.7476014760147602,0.02362456290270021
cora,ids_labeled,0.8,1.0,0.7966789667896679,0.015504986877403856
cora,ids_labeled,0.8,2.0,0.7998154981549815,0.015344372632079837
cora,ids_labeled,0.8,3.0,0.7830258302583026,0.01606567465412316
cora,ids_labeled,0.9,0.0,0.7774907749077491,0.02359893277538019
cora,ids_labeled,0.9,1.0,0.807380073800738,0.025195744411451334
cora,ids_labeled,0.9,2.0,0.8051660516605166,0.028783339096242755
cora,ids_labeled,0.9,3.0,0.7782287822878229,0.021050825938694704
cora,proba,0.1,0.0,0.45430680885972113,0.02995362414679286
cora,proba,0.1,1.0,0.6493847415914683,0.017831673123831257
cora,proba,0.1,2.0,0.7182936833470056,0.014664320032924276
cora,proba,0.2,0.0,0.5766497461928934,0.01875524496484535
cora,proba,0.2,1.0,0.7488232579603138,0.012251939510373316
cora,proba,0.2,2.0,0.7768804799261652,0.005107508911220271
cora,proba,0.30000000000000004,0.0,0.6422995780590718,0.016450661592941142
cora,proba,0.30000000000000004,1.0,0.7843881856540085,0.007511786325295067
cora,proba,0.30000000000000004,2.0,0.801740506329114,0.007377475212735873
cora,proba,0.4,0.0,0.7006769230769231,0.015788743399838115
cora,proba,0.4,1.0,0.8089230769230771,0.005760049674691994
cora,proba,0.4,2.0,0.818523076923077,0.006750245326327782
cora,proba,0.5,0.0,0.7520679468242245,0.010433387495654742
cora,proba,0.5,1.0,0.8233382570162482,0.013095515662808935
cora,proba,0.5,2.0,0.8283604135893649,0.010578472872070002
cora,proba,0.6,0.0,0.7868081180811808,0.010395696201993468
cora,proba,0.6,1.0,0.8385608856088561,0.011180602068074363
cora,proba,0.6,2.0,0.8396678966789668,0.011780217653193738
cora,proba,0.7000000000000001,0.0,0.8156211562115621,0.013467246092515053
cora,proba,0.7000000000000001,1.0,0.8503075030750308,0.013146370849932336
cora,proba,0.7000000000000001,2.0,0.8505535055350555,0.013822064642091923
cora,proba,0.8,0.0,0.8416974169741698,0.018710747227359263
cora,proba,0.8,1.0,0.8599630996309964,0.02213082348033651
cora,proba,0.8,2.0,0.8595940959409594,0.021365600441645153
cora,proba,0.9,0.0,0.8531365313653136,0.021920461904003645
cora,proba,0.9,1.0,0.8586715867158672,0.023534735342042423
cora,proba,0.9,2.0,0.8579335793357934,0.023547588830348343
cora,rwr,0.1,0.1,0.30311730926989333,0.0033266407056635945
cora,rwr,0.1,0.30000000000000004,0.38650533223954064,0.018989445507849777
cora,rwr,0.1,0.5000000000000001,0.5008203445447087,0.03209436040342996
cora,rwr,0.1,0.7000000000000001,0.6530762920426578,0.039723372253771407
cora,rwr,0.1,0.9000000000000001,0.780270713699754,0.02101022692041572
cora,rwr,0.2,0.1,0.3094139363174896,0.008729341537692708
cora,rwr,0.2,0.30000000000000004,0.49501615136132904,0.027417580348926145
cora,rwr,0.2,0.5000000000000001,0.6575449930779881,0.02224365735614942
cora,rwr,0.2,0.7000000000000001,0.7697738809413937,0.016270973215185176
cora,rwr,0.2,0.9000000000000001,0.8137978772496538,0.009883618609302513
cora,rwr,0.30000000000000004,0.1,0.31893459915611816,0.007623087188121597
cora,rwr,0.30000000000000004,0.30000000000000004,0.5814345991561181,0.022157758249882746
cora,rwr,0.30000000000000004,0.5000000000000001,0.7363396624472573,0.013709586088813033
cora,rwr,0.30000000000000004,0.7000000000000001,0.806487341772152,0.009472321935164344
cora,rwr,0.30000000000000004,0.9000000000000001,0.831909282700422,0.009558725124534151
cora,rwr,0.4,0.1,0.33384615384615385,0.011561117358737985
cora,rwr,0.4,0.30000000000000004,0.6628923076923078,0.015728933293066915
cora,rwr,0.4,0.5000000000000001,0.7868307692307691,0.010024873732859983
cora,rwr,0.4,0.7000000000000001,0.8290461538461539,0.007445899550639007
cora,rwr,0.4,0.9000000000000001,0.8450461538461539,0.008391724422901495
cora,rwr,0.5,0.1,0.34859675036927623,0.014476800027560835
cora,rwr,0.5,0.30000000000000004,0.7239290989660265,0.01142994573123218
cora,rwr,0.5,0.5000000000000001,0.8166174298375186,0.01224527958948755
cora,rwr,0.5,0.7000000000000001,0.841063515509601,0.010518719994687672
cora,rwr,0.5,0.9000000000000001,0.8549483013293944,0.00866344360332316
cora,rwr,0.6,0.1,0.3744464944649446,0.01921562086922552
cora,rwr,0.6,0.30000000000000004,0.7728782287822878,0.01413711735615481
cora,rwr,0.6,0.5000000000000001,0.8364391143911438,0.01194957107831803
cora,rwr,0.6,0.7000000000000001,0.8518450184501845,0.011791449900327352
cora,rwr,0.6,0.9000000000000001,0.8631918819188191,0.009307239822351925
cora,rwr,0.7000000000000001,0.1,0.4099630996309963,0.01754942077712386
cora,rwr,0.7000000000000001,0.30000000000000004,0.8120541205412055,0.013091913074356133
cora,rwr,0.7000000000000001,0.5000000000000001,0.8565805658056579,0.012837777695317932
cora,rwr,0.7000000000000001,0.7000000000000001,0.8665436654366545,0.015056141063530943
cora,rwr,0.7000000000000001,0.9000000000000001,0.8746617466174662,0.011486702262752673
cora,rwr,0.8,0.1,0.44335793357933573,0.03584013968560824
cora,rwr,0.8,0.30000000000000004,0.8370848708487084,0.017243219509205952
cora,rwr,0.8,0.5000000000000001,0.8640221402214022,0.017133192737968497
cora,rwr,0.8,0.7000000000000001,0.8739852398523986,0.015265290139993918
cora,rwr,0.8,0.9000000000000001,0.8771217712177123,0.01450684662326307
cora,rwr,0.9,0.1,0.4667896678966789,0.0375607170592932
cora,rwr,0.9,0.30000000000000004,0.8523985239852399,0.017653997656094406
cora,rwr,0.9,0.5000000000000001,0.8682656826568266,0.023211084960322665
cora,rwr,0.9,0.7000000000000001,0.8749077490774908,0.01924880828246653
cora,rwr,0.9,0.9000000000000001,0.8774907749077491,0.018718831369983358
imdb_all,cluster,0.1,0.0,0.7082258064516129,0.02171204458593696
imdb_all,cluster,0.1,2.0,0.6233064516129032,0.031625632906288496
imdb_all,cluster,0.1,4.0,0.6767741935483872,0.046125147090566886
imdb_all,cluster,0.1,8.0,0.6633870967741935,0.03620200324198626
imdb_all,cluster,0.1,16.0,0.6782258064516128,0.04588356122718947
imdb_all,cluster,0.1,32.0,0.6830645161290323,0.02436913582586437
imdb_all,cluster,0.1,64.0,0.6733064516129033,0.04351759498129944
imdb_all,cluster,0.1,128.0,0.620725806451613,0.023410413540436874
imdb_all,cluster,0.1,256.0,0.5696774193548386,0.012184271375670741
imdb_all,cluster,0.1,512.0,0.5744354838709678,0.0131860250565779
imdb_all,cluster,0.1,1024.0,0.5666935483870967,0.00965536615061138
imdb_all,cluster,0.2,0.0,0.734573502722323,0.018774504093990813
imdb_all,cluster,0.2,2.0,0.6377495462794919,0.004984964083358065
imdb_all,cluster,0.2,4.0,0.700907441016334,0.006201953481600326
imdb_all,cluster,0.2,8.0,0.6813067150635209,0.012029441899655971
imdb_all,cluster,0.2,16.0,0.7023593466424682,0.01821926236705738
imdb_all,cluster,0.2,32.0,0.7011796733212341,0.008184315337877559
imdb_all,cluster,0.2,64.0,0.7242286751361162,0.01975384205972498
imdb_all,cluster,0.2,128.0,0.6637023593466426,0.02737137883492862
imdb_all,cluster,0.2,256.0,0.5668784029038113,0.01291877910597242
imdb_all,cluster,0.2,512.0,0.6008166969147005,0.012408700601345711
imdb_all,cluster,0.2,1024.0,0.5674228675136115,0.009274364854911739
imdb_all,cluster,0.30000000000000004,0.0,0.7438796680497924,0.02000428713504446
imdb_all,cluster,0.30000000000000004,2.0,0.6399377593360998,0.005627852292751866
imdb_all,cluster,0.30000000000000004,4.0,0.7024896265560167,0.004026535720036724
imdb_all,cluster,0.30000000000000004,8.0,0.6860995850622408,0.007626029738346379
imdb_all,cluster,0.30000000000000004,16.0,0.7066390041493776,0.016839237886094195
imdb_all,cluster,0.30000000000000004,32.0,0.7107883817427386,0.017885962053132778
imdb_all,cluster,0.30000000000000004,64.0,0.7349585062240664,0.012650593450839522
imdb_all,cluster,0.30000000000000004,128.0,0.6786307053941909,0.014145801024110031
imdb_all,cluster,0.30000000000000004,256.0,0.5737551867219917,0.01608125474486188
imdb_all,cluster,0.30000000000000004,512.0,0.6122406639004148,0.015007074974779827
imdb_all,cluster,0.30000000000000004,1024.0,0.5757261410788381,0.014613102772561287
imdb_all,cluster,0.4,0.0,0.7507859733978235,0.01147775330116939
imdb_all,cluster,0.4,2.0,0.641354292623942,0.009230061127918316
imdb_all,cluster,0.4,4.0,0.7051995163240627,0.008734484527588198
imdb_all,cluster,0.4,8.0,0.6844014510278114,0.012834891840462112
imdb_all,cluster,0.4,16.0,0.7151148730350665,0.018215606529405685
imdb_all,cluster,0.4,32.0,0.7237001209189844,0.015466814876537349
imdb_all,cluster,0.4,64.0,0.7478839177750907,0.007862317292681702
imdb_all,cluster,0.4,128.0,0.685006045949214,0.019524661579659503
imdb_all,cluster,0.4,256.0,0.5741233373639663,0.009720429049557666
imdb_all,cluster,0.4,512.0,0.6212817412333737,0.016606989803232882
imdb_all,cluster,0.4,1024.0,0.580652962515115,0.014018260455800008
imdb_all,cluster,0.5,0.0,0.7552975326560233,0.005972442907395824
imdb_all,cluster,0.5,2.0,0.6377358490566039,0.009895901442114349
imdb_all,cluster,0.5,4.0,0.7042089985486213,0.00957372315893995
imdb_all,cluster,0.5,8.0,0.6882438316400579,0.010661022560888805
imdb_all,cluster,0.5,16.0,0.7169811320754716,0.022578155567641856
imdb_all,cluster,0.5,32.0,0.7255442670537009,0.017179077769437525
imdb_all,cluster,0.5,64.0,0.7461538461538462,0.009758956188479734
imdb_all,cluster,0.5,128.0,0.690420899854862,0.018321002807861104
imdb_all,cluster,0.5,256.0,0.5833091436865023,0.017247065520353506
imdb_all,cluster,0.5,512.0,0.6310595065312047,0.0130139400705108
imdb_all,cluster,0.5,1024.0,0.5849056603773584,0.013649478451541724
imdb_all,cluster,0.6,0.0,0.7566243194192378,0.009232342142780094
imdb_all,cluster,0.6,2.0,0.6375680580762251,0.01474541237290988
imdb_all,cluster,0.6,4.0,0.7043557168784028,0.014655788911321148
imdb_all,cluster,0.6,8.0,0.6854809437386569,0.01670064049192842
imdb_all,cluster,0.6,16.0,0.723956442831216,0.01679678523256068
imdb_all,cluster,0.6,32.0,0.7205081669691469,0.01973322012135598
imdb_all,cluster,0.6,64.0,0.7509981851179675,0.014336419352542228
imdb_all,cluster,0.6,128.0,0.6994555353901996,0.017327662176635304
imdb_all,cluster,0.6,256.0,0.5909255898366605,0.014946324565453929
imdb_all,cluster,0.6,512.0,0.634119782214156,0.016282323054597383
imdb_all,cluster,0.6,1024.0,0.5956442831215971,0.01752925106780617
imdb_all,cluster,0.7000000000000001,0.0,0.7584541062801933,0.013945658676075579
imdb_all,cluster,0.7000000000000001,2.0,0.6422705314009662,0.02069885299210752
imdb_all,cluster,0.7000000000000001,4.0,0.7057971014492754,0.013889764027597914
imdb_all,cluster,0.7000000000000001,8.0,0.6867149758454107,0.019392323031478562
imdb_all,cluster,0.7000000000000001,16.0,0.7239130434782608,0.014086726055399495
imdb_all,cluster,0.7000000000000001,32.0,0.722463768115942,0.023096806467135654
imdb_all,cluster,0.7000000000000001,64.0,0.7550724637681159,0.02031156980286174
imdb_all,cluster,0.7000000000000001,128.0,0.7041062801932367,0.018959600385367554
imdb_all,cluster,0.7000000000000001,256.0,0.5922705314009662,0.02555774210936165
imdb_all,cluster,0.7000000000000001,512.0,0.6432367149758454,0.01056255149668594
imdb_all,cluster,0.7000000000000001,1024.0,0.5983091787439614,0.016736727196255127
imdb_all,cluster,0.8,0.0,0.7619565217391304,0.02612997437216043
imdb_all,cluster,0.8,2.0,0.6456521739130434,0.02922605499952649
imdb_all,cluster,0.8,4.0,0.7090579710144926,0.02573625874363792
imdb_all,cluster,0.8,8.0,0.6952898550724637,0.02648482159081503
imdb_all,cluster,0.8,16.0,0.7246376811594202,0.030169072456029882
imdb_all,cluster,0.8,32.0,0.7271739130434782,0.027911357037328173
imdb_all,cluster,0.8,64.0,0.7554347826086956,0.03378405973599171
imdb_all,cluster,0.8,128.0,0.7057971014492754,0.02019473909765597
imdb_all,cluster,0.8,256.0,0.5891304347826087,0.022151220324847676
imdb_all,cluster,0.8,512.0,0.644927536231884,0.01647123393355712
imdb_all,cluster,0.8,1024.0,0.6014492753623187,0.026127183155536398
imdb_all,cluster,0.9,0.0,0.7804347826086956,0.037427923997161314
imdb_all,cluster,0.9,2.0,0.6543478260869565,0.038654890567353065
imdb_all,cluster,0.9,4.0,0.7036231884057971,0.037334276000541164
imdb_all,cluster,0.9,8.0,0.7065217391304348,0.03298671566122438
imdb_all,cluster,0.9,16.0,0.7340579710144925,0.03075326045005585
imdb_all,cluster,0.9,32.0,0.7456521739130434,0.023029345771120407
imdb_all,cluster,0.9,64.0,0.7710144927536231,0.03385091408957563
imdb_all,cluster,0.9,128.0,0.7166666666666667,0.030255973468833307
imdb_all,cluster,0.9,256.0,0.5804347826086956,0.033893975949105176
imdb_all,cluster,0.9,512.0,0.6478260869565217,0.029622627471991722
imdb_all,cluster,0.9,1024.0,0.6057971014492753,0.04521491384269756
imdb_all,counts,0.1,0.0,0.7656451612903225,0.023899648564914448
imdb_all,counts,0.1,1.0,0.7736290322580646,0.016856574999317336
imdb_all,counts,0.1,2.0,0.7358064516129031,0.02927813050533654
imdb_all,counts,0.2,0.0,0.8023593466424683,0.011937822577360176
imdb_all,counts,0.2,1.0,0.8009981851179674,0.010069006662034486
imdb_all,counts,0.2,2.0,0.793103448275862,0.020050590948795386
imdb_all,counts,0.30000000000000004,0.0,0.8103734439834025,0.008179760055365795
imdb_all,counts,0.30000000000000004,1.0,0.8130705394190871,0.010208462133122261
imdb_all,counts,0.30000000000000004,2.0,0.8102697095435684,0.012840090867280442
imdb_all,counts,0.4,0.0,0.8239419588875453,0.010773181054280287
imdb_all,counts,0.4,1.0,0.8239419588875453,0.006821183652175276
imdb_all,counts,0.4,2.0,0.8234582829504232,0.00864474429244691
imdb_all,counts,0.5,0.0,0.8277213352685051,0.008974326373707488
imdb_all,counts,0.5,1.0,0.8251088534107403,0.009005568683583513
imdb_all,counts,0.5,2.0,0.8275761973875182,0.008729748287268016
imdb_all,counts,0.6,0.0,0.8283121597096189,0.008816666280568913
imdb_all,counts,0.6,1.0,0.8283121597096189,0.010379968827360059
imdb_all,counts,0.6,2.0,0.8301270417422868,0.009182657452392438
imdb_all,counts,0.7000000000000001,0.0,0.8393719806763287,0.013436649974449568
imdb_all,counts,0.7000000000000001,1.0,0.8388888888888889,0.01155892378164928
imdb_all,counts,0.7000000000000001,2.0,0.8381642512077294,0.014670585473668755
imdb_all,counts,0.8,0.0,0.8347826086956524,0.022991312143547927
imdb_all,counts,0.8,1.0,0.83731884057971,0.019730766185392223
imdb_all,counts,0.8,2.0,0.8365942028985506,0.01980455390058433
imdb_all,counts,0.9,0.0,0.8166666666666667,0.03742792399716553
imdb_all,counts,0.9,1.0,0.8166666666666668,0.03187124614501483
imdb_all,counts,0.9,2.0,0.8195652173913043,0.038260442587772184
imdb_all,id_counts,0.1,-1.0,0.7810483870967742,0.010954094925166247
imdb_all,id_counts,0.2,-1.0,0.8049909255898366,0.013530375294651417
imdb_all,id_counts,0.30000000000000004,-1.0,0.8179460580912862,0.011769275536059476
imdb_all,id_counts,0.4,-1.0,0.8269649334945587,0.009978563983437909
imdb_all,id_counts,0.5,-1.0,0.828011611030479,0.01035927097500567
imdb_all,id_counts,0.6,-1.0,0.8352087114337567,0.007831846259019221
imdb_all,id_counts,0.7000000000000001,-1.0,0.8417874396135266,0.012117485461582901
imdb_all,id_counts,0.8,-1.0,0.8420289855072465,0.02195278795652051
imdb_all,id_counts,0.9,-1.0,0.8260869565217392,0.03311910434976014
imdb_all,id_proba,0.1,-1.0,0.793467741935484,0.012983898795574543
imdb_all,id_proba,0.2,-1.0,0.8090744101633394,0.011099008966544662
imdb_all,id_proba,0.30000000000000004,-1.0,0.8189834024896264,0.00970962730436143
imdb_all,id_proba,0.4,-1.0,0.8230955259975816,0.006574998725887215
imdb_all,id_proba,0.5,-1.0,0.8235123367198838,0.008550963171855505
imdb_all,id_proba,0.6,-1.0,0.8243194192377497,0.0061575369146897796
imdb_all,id_proba,0.7000000000000001,-1.0,0.8297101449275364,0.014593050692736696
imdb_all,id_proba,0.8,-1.0,0.8271739130434783,0.022009192099254313
imdb_all,id_proba,0.9,-1.0,0.8079710144927537,0.044309024946482305
imdb_all,id_rwr,0.1,-1.0,0.7848387096774193,0.012056683866336715
imdb_all,id_rwr,0.2,-1.0,0.8032667876588022,0.009901785252671543
imdb_all,id_rwr,0.30000000000000004,-1.0,0.8144190871369293,0.010515964252143592
imdb_all,id_rwr,0.4,-1.0,0.8180169286577993,0.005707296355695585
imdb_all,id_rwr,0.5,-1.0,0.8193033381712626,0.010780009654173894
imdb_all,id_rwr,0.6,-1.0,0.8235934664246823,0.008373844633041827
imdb_all,id_rwr,0.7000000000000001,-1.0,0.8277777777777778,0.011502703001926294
imdb_all,id_rwr,0.8,-1.0,0.830072463768116,0.02122651111166644
imdb_all,id_rwr,0.9,-1.0,0.8065217391304348,0.04128244750928085
imdb_all,ids,0.1,0.0,0.783225806451613,0.012223352095677866
imdb_all,ids,0.1,1.0,0.7822580645161291,0.018597022103684593
imdb_all,ids,0.1,2.0,0.7865322580645162,0.01584904837439087
imdb_all,ids,0.2,0.0,0.8017241379310344,0.011033278741592352
imdb_all,ids,0.2,1.0,0.7928312159709618,0.01188597636257648
imdb_all,ids,0.2,2.0,0.7942831215970962,0.009450271967226701
imdb_all,ids,0.30000000000000004,0.0,0.8144190871369293,0.010550018629664999
imdb_all,ids,0.30000000000000004,1.0,0.7999999999999999,0.01606898224080649
imdb_all,ids,0.30000000000000004,2.0,0.8065352697095435,0.012931024862606727
imdb_all,ids,0.4,0.0,0.8174123337363965,0.005923796234072843
imdb_all,ids,0.4,1.0,0.8084643288996374,0.007009130227904228
imdb_all,ids,0.4,2.0,0.8117291414752117,0.0077121079536713365
imdb_all,ids,0.5,0.0,0.8204644412191582,0.008125705281317763
imdb_all,ids,0.5,1.0,0.8133526850507982,0.009460595306508425
imdb_all,ids,0.5,2.0,0.8198838896952104,0.008165931790958763
imdb_all,ids,0.6,0.0,0.8225045372050817,0.007642643289715236
imdb_all,ids,0.6,1.0,0.815426497277677,0.008163607562520105
imdb_all,ids,0.6,2.0,0.8215970961887479,0.012487713131458831
imdb_all,ids,0.7000000000000001,0.0,0.8277777777777777,0.011614872432766123
imdb_all,ids,0.7000000000000001,1.0,0.8181159420289855,0.015779765964558976
imdb_all,ids,0.7000000000000001,2.0,0.8234299516908212,0.023348048156855532
imdb_all,ids,0.8,0.0,0.8282608695652174,0.02120932504204565
imdb_all,ids,0.8,1.0,0.826086956521739,0.02056689174629129
imdb_all,ids,0.8,2.0,0.830072463768116,0.021969392442638555
imdb_all,ids,0.9,0.0,0.8028985507246376,0.050528722183550125
imdb_all,ids,0.9,1.0,0.7978260869565216,0.03975613543288658
imdb_all,ids,0.9,2.0,0.8144927536231883,0.0388280798017592
imdb_all,ids_labeled,0.1,0.0,0.7488709677419355,0.016347976333829645
imdb_all,ids_labeled,0.1,1.0,0.7601612903225806,0.022184179484514895
imdb_all,ids_labeled,0.1,2.0,0.7695967741935484,0.021033292902835565
imdb_all,ids_labeled,0.1,3.0,0.7691935483870969,0.02082179701403591
imdb_all,ids_labeled,0.2,0.0,0.7852087114337568,0.011285800462475015
imdb_all,ids_labeled,0.2,1.0,0.7856624319419238,0.009301454854828348
imdb_all,ids_labeled,0.2,2.0,0.786842105263158,0.014628607169559828
imdb_all,ids_labeled,0.2,3.0,0.7892921960072595,0.009818271375035334
imdb_all,ids_labeled,0.30000000000000004,0.0,0.8037344398340249,0.006894851220270197
imdb_all,ids_labeled,0.30000000000000004,1.0,0.7941908713692944,0.00875038926026001
imdb_all,ids_labeled,0.30000000000000004,2.0,0.7980290456431535,0.014695102094571963
imdb_all,ids_labeled,0.30000000000000004,3.0,0.8002074688796681,0.014149181547769526
imdb_all,ids_labeled,0.4,0.0,0.8091898428053204,0.005279975137054809
imdb_all,ids_labeled,0.4,1.0,0.8062877871825875,0.008527432191292273
imdb_all,ids_labeled,0.4,2.0,0.8078597339782345,0.010746758581025381
imdb_all,ids_labeled,0.4,3.0,0.8110036275695285,0.012345190720107929
imdb_all,ids_labeled,0.5,0.0,0.8126269956458636,0.008251471120201437
imdb_all,ids_labeled,0.5,1.0,0.8078374455732946,0.01153417557439921
imdb_all,ids_labeled,0.5,2.0,0.816545718432511,0.01210836204039858
imdb_all,ids_labeled,0.5,3.0,0.8198838896952104,0.00946677829866576
imdb_all,ids_labeled,0.6,0.0,0.8172413793103448,0.011856303283716117
imdb_all,ids_labeled,0.6,1.0,0.815426497277677,0.009295551042829581
imdb_all,ids_labeled,0.6,2.0,0.8196007259528131,0.014574405489563133
imdb_all,ids_labeled,0.6,3.0,0.8206896551724137,0.010848886519771204
imdb_all,ids_labeled,0.7000000000000001,0.0,0.8282608695652174,0.01675221341488263
imdb_all,ids_labeled,0.7000000000000001,1.0,0.8205314009661835,0.01618537736015041
imdb_all,ids_labeled,0.7000000000000001,2.0,0.8234299516908212,0.012287489180374821
imdb_all,ids_labeled,0.7000000000000001,3.0,0.8287439613526569,0.014734519502421993
imdb_all,ids_labeled,0.8,0.0,0.8304347826086957,0.02076451913075963
imdb_all,ids_labeled,0.8,1.0,0.8213768115942027,0.01970117371851588
imdb_all,ids_labeled,0.8,2.0,0.8231884057971014,0.020694154580298947
imdb_all,ids_labeled,0.8,3.0,0.8278985507246375,0.020513632550087323
imdb_all,ids_labeled,0.9,0.0,0.8065217391304348,0.046968100598208336
imdb_all,ids_labeled,0.9,1.0,0.8057971014492752,0.035794460971680785
imdb_all,ids_labeled,0.9,2.0,0.8159420289855073,0.030207725992007613
imdb_all,ids_labeled,0.9,3.0,0.8188405797101449,0.031493731426100235
imdb_all,proba,0.1,0.0,0.7246774193548386,0.010693384851999917
imdb_all,proba,0.1,1.0,0.7295967741935485,0.014255171295352061
imdb_all,proba,0.1,2.0,0.7690322580645162,0.014061992144701633
imdb_all,proba,0.2,0.0,0.7441016333938293,0.014756577032853085
imdb_all,proba,0.2,1.0,0.7561705989110707,0.013534431973329104
imdb_all,proba,0.2,2.0,0.7902903811252268,0.010207983214381421
imdb_all,proba,0.30000000000000004,0.0,0.7552904564315353,0.015272819380840923
imdb_all,proba,0.30000000000000004,1.0,0.7665975103734439,0.01425693508167141
imdb_all,proba,0.30000000000000004,2.0,0.7985477178423236,0.016436808464123192
imdb_all,proba,0.4,0.0,0.7632406287787182,0.015046736116494725
imdb_all,proba,0.4,1.0,0.7804111245465537,0.01563345248799571
imdb_all,proba,0.4,2.0,0.8084643288996374,0.014103759581462363
imdb_all,proba,0.5,0.0,0.7690856313497823,0.00839209936207248
imdb_all,proba,0.5,1.0,0.7907111756168359,0.01005079098107324
imdb_all,proba,0.5,2.0,0.8148040638606677,0.01216621407565264
imdb_all,proba,0.6,0.0,0.7764065335753176,0.012243543269851212
imdb_all,proba,0.6,1.0,0.8030852994555353,0.011831583312531214
imdb_all,proba,0.6,2.0,0.8154264972776769,0.012251013856483759
imdb_all,proba,0.7000000000000001,0.0,0.783816425120773,0.020152964590633475
imdb_all,proba,0.7000000000000001,1.0,0.8128019323671497,0.01761243386009261
imdb_all,proba,0.7000000000000001,2.0,0.8227053140096618,0.01912810322112746
imdb_all,proba,0.8,0.0,0.786231884057971,0.03420242091426598
imdb_all,proba,0.8,1.0,0.8184782608695652,0.027244942059732498
imdb_all,proba,0.8,2.0,0.825,0.027383784294334097
imdb_all,proba,0.9,0.0,0.777536231884058,0.0564463347719618
imdb_all,proba,0.9,1.0,0.8108695652173912,0.04048326473162467
imdb_all,proba,0.9,2.0,0.8173913043478261,0.050528722183545434
imdb_all,rwr,0.1,0.1,0.555241935483871,0.026032972013677328
imdb_all,rwr,0.1,0.30000000000000004,0.5780645161290322,0.03342598984798648
imdb_all,rwr,0.1,0.5000000000000001,0.6008064516129032,0.0610197290253511
imdb_all,rwr,0.1,0.7000000000000001,0.682741935483871,0.05136336405524161
imdb_all,rwr,0.1,0.9000000000000001,0.7328225806451614,0.021401124999197253
imdb_all,rwr,0.2,0.1,0.5639745916515426,0.0038558828747670562
imdb_all,rwr,0.2,0.30000000000000004,0.5775862068965517,0.028103825763320586
imdb_all,rwr,0.2,0.5000000000000001,0.7013611615245009,0.047502801354166915
imdb_all,rwr,0.2,0.7000000000000001,0.756442831215971,0.016546531628746967
imdb_all,rwr,0.2,0.9000000000000001,0.7496370235934664,0.01773293404637565
imdb_all,rwr,0.30000000000000004,0.1,0.5625518672199169,0.006320332834043441
imdb_all,rwr,0.30000000000000004,0.30000000000000004,0.6040456431535269,0.0539974046901708
imdb_all,rwr,0.30000000000000004,0.5000000000000001,0.7322614107883818,0.03241671276947612
imdb_all,rwr,0.30000000000000004,0.7000000000000001,0.7720954356846472,0.012332818431224468
imdb_all,rwr,0.30000000000000004,0.9000000000000001,0.7665975103734439,0.01618168597068407
imdb_all,rwr,0.4,0.1,0.562273276904474,0.009048748214689963
imdb_all,rwr,0.4,0.30000000000000004,0.6582829504232165,0.06043315293523415
imdb_all,rwr,0.4,0.5000000000000001,0.7605804111245467,0.021190551274637818
imdb_all,rwr,0.4,0.7000000000000001,0.7784764207980653,0.010492039921658165
imdb_all,rwr,0.4,0.9000000000000001,0.7718258766626361,0.013222073025066361
imdb_all,rwr,0.5,0.1,0.5611030478955007,0.012600925473518605
imdb_all,rwr,0.5,0.30000000000000004,0.6928882438316402,0.04891909783657422
imdb_all,rwr,0.5,0.5000000000000001,0.772133526850508,0.01370082463329365
imdb_all,rwr,0.5,0.7000000000000001,0.7824383164005805,0.008392099362086592
imdb_all,rwr,0.5,0.9000000000000001,0.7753265602322207,0.009475427709594515
imdb_all,rwr,0.6,0.1,0.5617059891107078,0.015117966121715265
imdb_all,rwr,0.6,0.30000000000000004,0.7344827586206897,0.04242538810821808
imdb_all,rwr,0.6,0.5000000000000001,0.7820326678765881,0.015122806969140768
imdb_all,rwr,0.6,0.7000000000000001,0.7834845735027223,0.013447283885911586
imdb_all,rwr,0.6,0.9000000000000001,0.7780399274047187,0.015984018201673014
imdb_all,rwr,0.7000000000000001,0.1,0.5700483091787439,0.024946752632578416
imdb_all,rwr,0.7000000000000001,0.30000000000000004,0.767391304347826,0.034855778290662054
imdb_all,rwr,0.7000000000000001,0.5000000000000001,0.7905797101449276,0.015656033532735272
imdb_all,rwr,0.7000000000000001,0.7000000000000001,0.793719806763285,0.014767480216571949
imdb_all,rwr,0.7000000000000001,0.9000000000000001,0.7792270531400967,0.02115576798700588
imdb_all,rwr,0.8,0.1,0.5641304347826086,0.03172675660825737
imdb_all,rwr,0.8,0.30000000000000004,0.7797101449275361,0.03499499035638232
imdb_all,rwr,0.8,0.5000000000000001,0.7913043478260869,0.026526094518441276
imdb_all,rwr,0.8,0.7000000000000001,0.7981884057971015,0.027543117200030418
imdb_all,rwr,0.8,0.9000000000000001,0.782608695652174,0.03338230666928882
imdb_all,rwr,0.9,0.1,0.5630434782608696,0.028179204025294075
imdb_all,rwr,0.9,0.30000000000000004,0.7768115942028986,0.026635842999202936
imdb_all,rwr,0.9,0.5000000000000001,0.7804347826086957,0.04480660051795246
imdb_all,rwr,0.9,0.7000000000000001,0.7811594202898551,0.04166929208279753
imdb_all,rwr,0.9,0.9000000000000001,0.7623188405797101,0.04503389830500992
